accuracy,tn,fp,fn,tp,precision_0,precision_1,recall_0,recall_1,f1_0,f1_1,count_0,count_1,auroc,
0.7125321809488783,70648,27236,29041,68843,0.7086840072625866,0.7165249430156434,0.7217522782068571,0.7033120836908995,0.7151584477636114,0.7098570345890711,97884,97884,0.7125321809488783,
