accuracy,tn,fp,fn,tp,precision_0,precision_1,recall_0,recall_1,f1_0,f1_1,count_0,count_1,auroc
0.9801666666666666,2915,51,68,2966,0.9772041568890378,0.9830957905203845,0.9828051247471342,0.977587343441002,0.9799966380904354,0.9803338291191539,2966,3034,0.9801962340940682
