accuracy,tn,fp,fn,tp,precision_0,precision_1,recall_0,recall_1,f1_0,f1_1,count_0,count_1,auroc
0.9806701030927835,521,3,12,240,0.9774859287054409,0.9876543209876543,0.9942748091603053,0.9523809523809523,0.9858088930936614,0.9696969696969696,524,252,0.9733278807706288

