accuracy,tn,fp,fn,tp,precision_0,precision_1,recall_0,recall_1,f1_0,f1_1,count_0,count_1,auroc,
0.6443850267379679,119,68,65,122,0.6467391304347826,0.6421052631578947,0.6363636363636364,0.6524064171122995,0.6415094339622642,0.6472148541114058,187,187,0.6443850267379679,
