accuracy,tn,fp,fn,tp,precision_0,precision_1,recall_0,recall_1,f1_0,f1_1,count_0,count_1,auroc,
0.6737967914438503,107,80,42,145,0.7181208053691275,0.6444444444444445,0.5721925133689839,0.7754010695187166,0.6369047619047619,0.7038834951456311,187,187,0.6737967914438503,
