accuracy,tn,fp,fn,tp,precision_0,precision_1,recall_0,recall_1,f1_0,f1_1,count_0,count_1,auroc,
0.6497326203208557,109,78,53,134,0.6728395061728395,0.6320754716981132,0.5828877005347594,0.7165775401069518,0.6246418338108882,0.6716791979949874,187,187,0.6497326203208555,
