loss,accuracy,tn,fp,fn,tp,precision_0,precision_1,recall_0,recall_1,f1_0,f1_1,count_0,count_1,auroc,saved
0.06152639910578728,0.9974619289340102,393,0,1,0,0.9974619289340102,0.0,1.0,0.0,0.9987293519695045,0.0,393,1,0.5,True
0.03012357000734298,0.9974619289340102,393,0,1,0,0.9974619289340102,0.0,1.0,0.0,0.9987293519695045,0.0,393,1,0.5,True
0.025011785961876667,0.9974619289340102,393,0,1,0,0.9974619289340102,0.0,1.0,0.0,0.9987293519695045,0.0,393,1,0.5,True
0.03695678923676159,0.9974619289340102,393,0,1,0,0.9974619289340102,0.0,1.0,0.0,0.9987293519695045,0.0,393,1,0.5,False
0.050003980848994954,0.9974619289340102,393,0,1,0,0.9974619289340102,0.0,1.0,0.0,0.9987293519695045,0.0,393,1,0.5,False
0.026263049070907728,0.9974619289340102,393,0,1,0,0.9974619289340102,0.0,1.0,0.0,0.9987293519695045,0.0,393,1,0.5,False
0.07682500741808547,0.9974619289340102,393,0,1,0,0.9974619289340102,0.0,1.0,0.0,0.9987293519695045,0.0,393,1,0.5,False
0.02183769341099648,0.9974619289340102,393,0,1,0,0.9974619289340102,0.0,1.0,0.0,0.9987293519695045,0.0,393,1,0.5,True
